Dept Code,Official Name,Suggested Display Name,AE Filter Category,AE Filter Sub Category,subDivisionL4Name,Official UC Davis display,subDivisionL4,Experts,Works,Grants
27025,CONTINUING & PROFESSIONAL ED.,Continuing and Professional Education,"Programs, Services and Centers",University Offices and Programs,CPE SUBDIV,,S2003,115,4950,824
30000,AGR & ENV SCI DEANS OFFICE,Agricultural and Environmental Sciences Dean's Office,Colleges,Agricultural and Environmental Sciences,AGRICULTURE SUBDIV,College of Agricultural and Environmental Sciences,S2000,17,1148,172
30010,AG & RESOURCE ECONOMICS,Agricultural and Resource Economics,Colleges,Agricultural and Environmental Sciences,AGRICULTURE SUBDIV,College of Agricultural and Environmental Sciences,S2000,42,885,251
30045,ANIMAL SCIENCE,Animal Science,Colleges,Agricultural and Environmental Sciences,AGRICULTURE SUBDIV,College of Agricultural and Environmental Sciences,S2000,47,2236,412
30020,BIOLOGICAL & AG ENGINEERING,Biological and Agricultural Engineering,Colleges,Agricultural and Environmental Sciences,AGRICULTURE SUBDIV,College of Agricultural and Environmental Sciences,S2000,25,1560,303
30302,ENTOMOLOGY/NEMATOLOGY,Entomology and Nematology,Colleges,Agricultural and Environmental Sciences,AGRICULTURE SUBDIV,College of Agricultural and Environmental Sciences,S2000,28,2473,372
30150,ENVIRONMENTAL SCIENCE & POLICY,Environmental Science and Policy,Colleges,Agricultural and Environmental Sciences,AGRICULTURE SUBDIV,College of Agricultural and Environmental Sciences,S2000,29,2416,385
30160,ENVIRONMENTAL TOXICOLOGY,Environmental Toxicology,Colleges,Agricultural and Environmental Sciences,AGRICULTURE SUBDIV,College of Agricultural and Environmental Sciences,S2000,26,1261,201
30385,AG EVOLUTION & ECOLOGY,Evolution and Ecology,Colleges,Agricultural and Environmental Sciences,AGRICULTURE SUBDIV,College of Agricultural and Environmental Sciences,S2000,6,709,82
30170,FOOD SCIENCE & TECHNOLOGY,Food Science and Technology,Colleges,Agricultural and Environmental Sciences,AGRICULTURE SUBDIV,College of Agricultural and Environmental Sciences,S2000,29,2654,466
30345,FOUNDATION PLANT SERVICES,Foundation Plant Services,Colleges,Agricultural and Environmental Sciences,AGRICULTURE SUBDIV,College of Agricultural and Environmental Sciences,S2000,1,32,21
30079,HUMAN ECOLOGY,Human Ecology,Colleges,Agricultural and Environmental Sciences,AGRICULTURE SUBDIV,College of Agricultural and Environmental Sciences,S2000,47,1071,180
30190,LAND AIR & WATER RESOURCES,"Land, Air and Water Resources",Colleges,Agricultural and Environmental Sciences,AGRICULTURE SUBDIV,College of Agricultural and Environmental Sciences,S2000,44,3361,744
30005,AG MICROBIOLOGY & MOLEC GENE,Microbiology and Molecular Genetics,Colleges,Agricultural and Environmental Sciences,AGRICULTURE SUBDIV,College of Agricultural and Environmental Sciences,S2000,1,42,3
30180,AG MOLECULAR & CELLULAR BIO,Molecular and Cellular Biology,Colleges,Agricultural and Environmental Sciences,AGRICULTURE SUBDIV,College of Agricultural and Environmental Sciences,S2000,6,507,60
30070,"AG NEUROBIOLOGY, PHYS & BEHAV","Neurobiology, Physiology and Behavior",Colleges,Agricultural and Environmental Sciences,AGRICULTURE SUBDIV,College of Agricultural and Environmental Sciences,S2000,4,177,21
30200,NUTRITION,Nutrition,Colleges,Agricultural and Environmental Sciences,AGRICULTURE SUBDIV,College of Agricultural and Environmental Sciences,S2000,46,3811,507
30001,AG PLANT BIOLOGY,Plant Biology,Colleges,Agricultural and Environmental Sciences,AGRICULTURE SUBDIV,College of Agricultural and Environmental Sciences,S2000,6,534,97
30300,PLANT PATHOLOGY,Plant Pathology,Colleges,Agricultural and Environmental Sciences,AGRICULTURE SUBDIV,College of Agricultural and Environmental Sciences,S2000,29,2371,949
30003,PLANT SCIENCES,Plant Sciences,Colleges,Agricultural and Environmental Sciences,AGRICULTURE SUBDIV,College of Agricultural and Environmental Sciences,S2000,105,6772,1898
30340,VITICULTURE & ENOLOGY,Viticulture and Enology,Colleges,Agricultural and Environmental Sciences,AGRICULTURE SUBDIV,College of Agricultural and Environmental Sciences,S2000,30,1235,278
30350,WILDLIFE & FISHERIES BIOLOGY,"Wildlife, Fish and Conservation Biology",Colleges,Agricultural and Environmental Sciences,AGRICULTURE SUBDIV,College of Agricultural and Environmental Sciences,S2000,27,1091,209
11017,UC DAVIS GENOME CENTER,UC Davis Genome Center,Colleges,Biological Sciences,BIOLOGICAL SCIENCES SUBDIV,College of Biological Sciences,S2002,34,1608,110
11000,COLLEGE BIO SCI DEANS OFFICE,Biological Sciences Dean's Office,Colleges,Biological Sciences,BIOLOGICAL SCIENCES SUBDIV,College of Biological Sciences,S2002,5,362,38
11085,COASTAL & MARINE SCIENCE INST,Coastal and Marine Sciences Institute,"Programs, Services and Centers",Interdisciplinary Research Units,RESEARCH SUBDIV,Interdisciplinary Research Units,S2033,3,205,30
11009,CENTER FOR NEUROSCIENCE,Center for Neuroscience,Colleges,Biological Sciences,BIOLOGICAL SCIENCES SUBDIV,,S2002,1,97,15
11018,GENOME CENTER SERVICE CORES,Genome Center Service Cores,Colleges,Biological Sciences,BIOLOGICAL SCIENCES SUBDIV,,S2002,1,17,0
11038,MOLECULAR & CELLULAR BIO,Molecular and Cellular Biology,Colleges,Biological Sciences,BIOLOGICAL SCIENCES SUBDIV,College of Biological Sciences,S2002,50,2869,303
11035,NEURO PHYSIO & BEHAVIOR,"Neurobiology, Physiology and Behavior",Colleges,Biological Sciences,BIOLOGICAL SCIENCES SUBDIV,College of Biological Sciences,S2002,45,2308,334
11016,MICROBIOLOGY & MOLEC GENETICS,Microbiology and Molecular Genetics,Colleges,Biological Sciences,BIOLOGICAL SCIENCES SUBDIV,College of Biological Sciences,S2002,34,1378,152
11092,EVOLUTION & ECOLOGY,Evolution and Ecology,Colleges,Biological Sciences,BIOLOGICAL SCIENCES SUBDIV,College of Biological Sciences,S2002,27,2276,198
11020,PLANT BIOLOGY,Plant Biology,Colleges,Biological Sciences,BIOLOGICAL SCIENCES SUBDIV,College of Biological Sciences,S2002,23,1282,206
24020,CIVIL & ENVIRONMENTAL ENGR,Civil and Environmental Engineering,Colleges,Engineering,ENGINEERING SUBDIV,College of Engineering,S2007,62,4958,767
24023,ENGR COMPUTER SCIENCE,Computer Science,Colleges,Engineering,ENGINEERING SUBDIV,College of Engineering,S2007,55,4207,390
24036,BIOMEDICAL ENGINEERING,Biomedical Engineering,Colleges,Engineering,ENGINEERING SUBDIV,College of Engineering,S2007,54,4076,470
24025,ELECT & COMP ENGR,Electrical and Computer Engineering,Colleges,Engineering,ENGINEERING SUBDIV,College of Engineering,S2007,38,4639,441
24040,MECHANICAL & AEROSPACE ENGR,Mechanical and Aerospace Engineering,Colleges,Engineering,ENGINEERING SUBDIV,College of Engineering,S2007,33,2872,445
24017,CHEMICAL ENGINEERING,Chemical Engineering,Colleges,Engineering,ENGINEERING SUBDIV,College of Engineering,S2007,24,2322,177
24018,MATERIALS SCIENCE&ENGINEERING,Materials Science and Engineering,Colleges,Engineering,ENGINEERING SUBDIV,College of Engineering,S2007,15,1061,85
24000,ENGINEERING DEANS OFFICE,Engineering Dean's Office,Colleges,Engineering,ENGINEERING SUBDIV,College of Engineering,S2007,9,795,94
24005,BIOLOGICAL & AG ENGINEERING,Biological and Agricultural Engineering,Colleges,Engineering,ENGINEERING SUBDIV,,S2007,14,1459,281
40220,MATHEMATICS,Mathematics,Colleges,Letters and Science,LS: MATH/PHY SCI,College of Letters and Science,18,73,2333,339
40120,EDUCATION,Education,Professional Schools,Education,EDUCATION SUBDIV,School of Education,S2006,62,751,191
40270,PHYSICS,Physics,Colleges,Letters and Science,LS: MATH/PHY SCI,College of Letters and Science,18,55,8029,483
40290,PSYCHOLOGY,Psychology,Colleges,Letters and Science,LS: SOC SCI,College of Letters and Science,19,55,4168,341
40070,CHEMISTRY,Chemistry,Colleges,Letters and Science,LS: MATH/PHY SCI,College of Letters and Science,18,49,5516,552
40130,ENGLISH,English,Colleges,Letters and Science,LS: HACS,College of Letters and Science,17,42,260,17
40240,MUSIC,Music,Colleges,Letters and Science,LS: HACS,College of Letters and Science,17,41,49,0
40013,DEPARTMENT OF DESIGN,Department of Design,Colleges,Letters and Science,LS: HACS,College of Letters and Science,17,37,41,22
40110,ECONOMICS,Economics,Colleges,Letters and Science,LS: SOC SCI,College of Letters and Science,19,36,632,75
40160,EARTH AND PLANETARY SCIENCES,Earth and Planetary Sciences,Colleges,Letters and Science,LS: MATH/PHY SCI,College of Letters and Science,18,33,2127,294
40420,STATISTICS,Statistics,Colleges,Letters and Science,LS: MATH/PHY SCI,College of Letters and Science,18,33,921,113
40180,HISTORY,History,Colleges,Letters and Science,LS: SOC SCI,College of Letters and Science,19,30,251,29
40320,SOCIOLOGY,Sociology,Colleges,Letters and Science,LS: SOC SCI,College of Letters and Science,19,29,379,56
40280,POLITICAL SCIENCE,Political Science,Colleges,Letters and Science,LS: SOC SCI,College of Letters and Science,19,29,314,25
40030,ART & ART HISTORY,Art and Art History,Colleges,Letters and Science,LS: HACS,College of Letters and Science,17,27,63,2
40020,ANTHROPOLOGY,Anthropology,Colleges,Letters and Science,LS: SOC SCI,College of Letters and Science,19,26,670,64
40025,EAST ASIAN LANG. & CULTURES,East Asian Languages and Cultures,Colleges,Letters and Science,LS: HACS,College of Letters and Science,17,23,69,1
40310,COMMUNICATION,Communication,Colleges,Letters and Science,LS: SOC SCI,College of Letters and Science,19,21,992,15
40331,CINEMA & DIGITAL MEDIA,Cinema and Digital Media,Colleges,Letters and Science,LS: HACS,College of Letters and Science,17,19,185,23
40064,CHICANO STUDIES,Chicano Studies,Colleges,Letters and Science,LS: HACS,College of Letters and Science,17,19,101,1
40250,PHILOSOPHY,Philosophy,Colleges,Letters and Science,LS: SOC SCI,College of Letters and Science,19,18,61,5
40330,SPANISH & PORTUGUESE,Spanish and Portuguese,Colleges,Letters and Science,LS: HACS,College of Letters and Science,17,17,203,4
40027,MIDDLE EAST/SOUTH ASIA PROGRAM,Middle East and South Asia Studies,Colleges,Letters and Science,LS: SOC SCI,College of Letters and Science,19,17,67,4
40255,SCIENCE & TECHNOLOGY STUDIES,Science and Technology Studies,Colleges,Letters and Science,LS: SOC SCI,College of Letters and Science,19,15,131,25
40010,AMERICAN STUDIES,American Studies,Colleges,Letters and Science,LS: HACS,College of Letters and Science,17,14,85,23
40075,COMPARATIVE LITERATURE,Comparative Literature,Colleges,Letters and Science,LS: HACS,College of Letters and Science,17,14,67,4
40140,FRENCH & ITALIAN,French and Italian,Colleges,Letters and Science,LS: HACS,College of Letters and Science,17,13,76,2
40210,LINGUISTICS,Linguistics,Colleges,Letters and Science,LS: SOC SCI,College of Letters and Science,19,12,255,22
40380,GENDERSEXUALITY WOMENSSTUDIES,"Gender, Sexuality and Women's Studies",Colleges,Letters and Science,LS: HACS,College of Letters and Science,17,12,71,2
40170,GERMAN & RUSSIAN,German and Russian,Colleges,Letters and Science,LS: HACS,College of Letters and Science,17,11,62,12
40375,NATIVE AMERICAN STUDIES,Native American Studies,Colleges,Letters and Science,LS: HACS,College of Letters and Science,17,11,36,29
40004,CLASSICS,Classics,Colleges,Letters and Science,LS: HACS,College of Letters and Science,17,11,27,3
40100,THEATRE AND DANCE,Theatre and Dance,Colleges,Letters and Science,LS: HACS,College of Letters and Science,17,11,18,0
40300,RELIGIOUS STUDIES,Religious Studies,Colleges,Letters and Science,LS: HACS,College of Letters and Science,17,10,89,14
40050,AFRICAN AMERICAN AFRICAN STDS,African American and African Studies,Colleges,Letters and Science,LS: HACS,College of Letters and Science,17,9,64,5
40370,ASIAN AMERICAN,Asian American,Colleges,Letters and Science,LS: HACS,College of Letters and Science,17,9,27,6
40135,UNIVERSITY WRITING PROGRAM,University Writing Program,Colleges,Letters and Science,LS: HACS,College of Letters and Science,17,7,41,27
40000,L&S DEAN - ADMIN,Letters and Science Dean's Office,Colleges,Letters and Science,LS: ADMIN,College of Letters and Science,16,6,401,70
40235,CENTER FOR MIND & BRAIN,Center for Mind and Brain,Colleges,Letters and Science,LS: SOC SCI,College of Letters and Science,19,5,366,29
40230,MILITARY SCIENCE,Military Science,Colleges,Letters and Science,LS: SOC SCI,College of Letters and Science,19,5,0,0
40301,HUMAN RIGHTS,Human Rights,Colleges,Letters and Science,LS: HACS,College of Letters and Science,17,4,3,2
40182,CALIFORNIA HISTORY SS PROJECT,California History Social Studies Project,Colleges,Letters and Science,LS: SOC SCI,College of Letters and Science,19,3,1,5
40115,UC CENTER SACRAMENTO,UC Center Sacramento,Colleges,Letters and Science,OFFICE OF THE PROVOST SUB DIV,,S2031,2,9,0
40200,LANGUAGE LEARNING CENTER,Language Learning Center,Colleges,Letters and Science,LS: HACS,College of Letters and Science,17,2,1,0
40012,COSMOS,Cosmos,Colleges,Letters and Science,LS: MATH/PHY SCI,College of Letters and Science,18,1,242,23
40271,CROCKER NUCLEAR LABORATORY,Crocker Nuclear Laboratory,Colleges,Letters and Science,LS: MATH/PHY SCI,College of Letters and Science,18,1,175,8
40430,HUMANITIES INSTITUTE,Humanities Institute,Colleges,Letters and Science,LS: HACS,College of Letters and Science,17,1,38,0
40026,EAST ASIAN STUDIES PROGRAM,East Asian Studies Program,Colleges,Letters and Science,LS: SOC SCI,College of Letters and Science,19,1,5,2
40185,HUMANITIES,Humanities,Colleges,Letters and Science,LS: HACS,College of Letters and Science,17,1,0,0
61100,GRADUATE SCHOOL OF MANAGEMENT,Graduate School of Management,Professional Schools,Business,MANAGEMENT SUBDIV,Graduate School of Management,S2025,95,568,25
61822,INST OF TRANSPORTATION STUDIES,Institute of Transportation Studies,"Programs, Services and Centers",Interdisciplinary Research Units,RESEARCH SUBDIV,Interdisciplinary Research Units,S2033,18,775,203
61837,CENTER FOR WATERSHED SCIENCES,Center for Watershed Sciences,"Programs, Services and Centers",Interdisciplinary Research Units,RESEARCH SUBDIV,Interdisciplinary Research Units,S2033,13,103,89
61095,PRIMATE CENTER,Primate Center,"Programs, Services and Centers",Interdisciplinary Research Units,RESEARCH SUBDIV,Interdisciplinary Research Units,S2033,11,355,33
68131,AIR QUALITY RESEARCH CENTER,Air Quality Research Center,"Programs, Services and Centers",Interdisciplinary Research Units,RESEARCH SUBDIV,Interdisciplinary Research Units,S2033,10,567,137
61807,INSTITUTE OF THE ENVIRONMENT,Institute of the Environment,"Programs, Services and Centers",Interdisciplinary Research Units,RESEARCH SUBDIV,Interdisciplinary Research Units,S2033,7,350,62
61838,TAHOE ENVIRON RESEARCH CENTER,Tahoe Environmental Research Center,"Programs, Services and Centers",Interdisciplinary Research Units,RESEARCH SUBDIV,Interdisciplinary Research Units,S2033,7,211,42
61300,GRADUATE DIVISION,Graduate Division,"Programs, Services and Centers",University Offices and Programs,GRADUATE STUDIES SUBDIV,,S2020,5,123,35
61805,BODEGA MARINE LABORATORY,Bodega Marine Laboratory,"Programs, Services and Centers",Interdisciplinary Research Units,RESEARCH SUBDIV,Interdisciplinary Research Units,S2033,4,6,4
61013,ENERGY EFFICIENCY CENTER,Energy Efficiency Center,"Programs, Services and Centers",Interdisciplinary Research Units,RESEARCH SUBDIV,Interdisciplinary Research Units,S2033,3,176,19
61839,NATURAL RESERVE SYSTEM,Natural Reserve System,"Programs, Services and Centers",Interdisciplinary Research Units,RESEARCH SUBDIV,Interdisciplinary Research Units,S2033,3,32,8
61847,INSTITUTE OF GLOBAL NUTRITION,Institute of Global Nutrition,"Programs, Services and Centers",Interdisciplinary Research Units,RESEARCH SUBDIV,Interdisciplinary Research Units,S2033,2,274,39
61845,OR:FEMINIST RESEARCH INSTITUTE,Feminist Research Institute,"Programs, Services and Centers",Interdisciplinary Research Units,RESEARCH SUBDIV,Interdisciplinary Research Units,S2033,2,162,32
61812,CNTR FOR HEALTH & ENVIRONMENT,Center for Health and Environment,"Programs, Services and Centers",Interdisciplinary Research Units,RESEARCH SUBDIV,Interdisciplinary Research Units,S2033,2,151,40
61849,HIGH PERFORMANCE COMPUTING CTR,High Performance Computing Center,"Programs, Services and Centers",Interdisciplinary Research Units,RESEARCH SUBDIV,Interdisciplinary Research Units,S2033,1,129,15
61515,OR:INNOV INST FOR FOOD & HLTH,Innovation Institute for Food and Health,"Programs, Services and Centers",Interdisciplinary Research Units,RESEARCH SUBDIV,Interdisciplinary Research Units,S2033,1,90,60
61840,CONTROLLED ENVIRON FACILITY,Controlled Environment Facility,"Programs, Services and Centers",Interdisciplinary Research Units,RESEARCH SUBDIV,Interdisciplinary Research Units,S2033,1,71,14
61834,CTR PLASMA MASS SPECTROMETRY,Center for Plasma Mass Spectrometry,"Programs, Services and Centers",Interdisciplinary Research Units,RESEARCH SUBDIV,Interdisciplinary Research Units,S2033,1,44,15
61820,NUCLEAR MAG RESONANCE FAC,Nuclear Magnetic Resonance Facility,"Programs, Services and Centers",Interdisciplinary Research Units,RESEARCH SUBDIV,Interdisciplinary Research Units,S2033,1,0,0
36000,SCHOOL OF LAW-DEANS OFFICE,School of Law Dean's Office,Professional Schools,Law,LAW SUBDIV,School of Law,S2023,122,744,71
36005,LAW LIBRARY,Law Library,Professional Schools,Law,LAW SUBDIV,School of Law,S2023,6,3,0
36001,LAW SCHOOL CLINICAL PROGRAMS,Law School Clinical Programs,Professional Schools,Law,LAW SUBDIV,School of Law,S2023,5,1,26
49018,MED:PEDIATRICS,Pediatrics,Professional Schools,Medicine,MED:PEDIATRICS SUBDIV,School of Medicine,S2051,139,6137,732
49016,MED:NEUROLOGY,Neurology,Professional Schools,Medicine,MED:NEUROLOGY SUBDIV,School of Medicine,S2046,101,5962,716
49038,MED:PSYCHIATRY & BEHAV SCI,Psychiatry and Behavioral Sciences,Professional Schools,Medicine,MED:PSYCH & BEHAV SCI SUBDIV,School of Medicine,S2055,88,4716,432
49058,MED:ANESTH & PAIN MEDICINE,Anesthesiology and Pain Medicine,Professional Schools,Medicine,MED:ANESTH & PAIN MED SUBDIV,School of Medicine,S2035,84,1350,118
49060,MED:SURGERY,Surgery,Professional Schools,Medicine,MED:SURGERY SUBDIV,School of Medicine,S2059,83,5451,343
49011,MED:EMERGENCY MEDICINE,Emergency Medicine,Professional Schools,Medicine,MED:EMERGENCY MEDICINE SUBDIV,School of Medicine,S2042,77,2409,341
49026,MED:RADIOLOGY,Radiology,Professional Schools,Medicine,MED:RADIOLOGY SUBDIV,School of Medicine,S2058,64,3620,144
49052,MED:PATHOLOGY & LAB MEDICINE,Pathology and Laboratory Medicine,Professional Schools,Medicine,MED:PATH & LAB MED SUBDIV,School of Medicine,S2050,54,3635,183
49030,MED:PUBLIC HEALTH SCIENCES,Public Health Sciences,Professional Schools,Medicine,MED:PUBLIC HEALTH SCI SUBDIV,School of Medicine,S2056,46,6399,624
49064,MED:OBSTETRICS & GYNECOLOGY,Obstetrics and Gynecology,Professional Schools,Medicine,MED:OBGYN SUBDIV,School of Medicine,S2047,45,1562,163
49012,MED:DERMATOLOGY,Dermatology,Professional Schools,Medicine,MED:DERMATOLOGY SUBDIV,School of Medicine,S2041,43,2946,211
49068,MED:ORTHOPAEDIC SURGERY,Orthopaedic Surgery,Professional Schools,Medicine,MED:ORTHOPAEDIC SURG SUBDIV,School of Medicine,S2048,41,2218,235
49223,MED:INT MED -  GENL MEDICINE,Internal Medicine: General,Professional Schools,Medicine,MED:INTERNAL MED SUBDIV,School of Medicine,S2063,40,1936,274
49054,MED:PHARMACOLOGY,Pharmacology,Professional Schools,Medicine,MED:PHARMACOLOGY SUBDIV,School of Medicine,S2052,38,4384,409
49227,MED:INT MED HEM/ONC,Internal Medicine: Hematology and Oncology,Professional Schools,Medicine,MED:INTERNAL MED SUBDIV,School of Medicine,S2063,38,3430,658
49062,MED:NEUROLOGICAL SURGERY,Neurological Surgery,Professional Schools,Medicine,MED:NEUROLOGICAL SURGERY SUBD,School of Medicine,S2064,38,2278,166
49044,MED:BIOCHEM & MOLECULAR MED,Biochemistry and Molecular Medicine,Professional Schools,Medicine,MED:BIOCHEM & MOL MED SUBDIV,School of Medicine,S2038,37,4545,488
49048,MED:PHYSIOLOGY & MEMBRANE BIO,Physiology and Membrane Biology,Professional Schools,Medicine,MED:PHYS & MEMBRANE BIO SUBDIV,School of Medicine,S2054,36,2853,197
49066,MED:EYE CENTER,Eye Center,Professional Schools,Medicine,MED:EYE CENTER SUBDIV,School of Medicine,S2043,34,2821,233
49237,MED:INT MED PULMONARY (SAC),Internal Medicine: Pulmonary (Sacramento),Professional Schools,Medicine,MED:INTERNAL MED SUBDIV,School of Medicine,S2063,33,2275,336
49050,MED:MEDICAL MICROBIOLOGY&IMM,Medical Microbiology and Immunology,Professional Schools,Medicine,MED:MED MICROBIO&IMM SUBDIV,School of Medicine,S2045,31,2768,375
49207,MED:INT MED CARDIOLOGY (SAC),Internal Medicine: Cardiology (Sacramento),Professional Schools,Medicine,MED:INTERNAL MED SUBDIV,School of Medicine,S2063,27,1007,102
49000,MED:DEAN'S OFFICE,School of Medicine Dean's Office,Professional Schools,Medicine,,School of Medicine,S2061,24,3285,371
49020,MED:PHYSICAL MEDICINE & REHAB,Physical Medicine and Rehabilitation,Professional Schools,Medicine,MED:PHYS MED & REHAB SUBDIV,School of Medicine,S2053,24,670,174
49034,MED:FAMILY & COMMUNITY MED,Family and Community Medicine,Professional Schools,Medicine,MED:FAMILY & COM MED SUBDIV,School of Medicine,S2044,24,418,42
49070,MED:OTOLARYNGOLOGY,Otolaryngology,Professional Schools,Medicine,MED:OTOLARYNGOLOGY SUBDIV,School of Medicine,S2049,23,1407,51
49231,MED:INT MED INFECTIOUS DIS,Internal Medicine: Infectious Disease,Professional Schools,Medicine,MED:INTERNAL MED SUBDIV,School of Medicine,S2063,23,1004,242
49221,MED:INT MED - GASTROENTEROLOGY,Internal Medicine: Gastroenterology,Professional Schools,Medicine,MED:INTERNAL MED SUBDIV,School of Medicine,S2063,23,852,157
49046,MED:CELL BIOLOGY & HUMAN ANAT,Cell Biology and Human Anatomy,Professional Schools,Medicine,MED:CELL BIO & HU ANAT SUBDIV,School of Medicine,S2040,20,1783,257
49074,MED:UROLOGIC SURGERY,Urologic Surgery,Professional Schools,Medicine,MED:UROLOGIC SURGERY SUBDIV,School of Medicine,S2060,20,1068,85
49233,MED:INT MED HOSPITALIST,Internal Medicine: Hospitalist,Professional Schools,Medicine,MED:INTERNAL MED SUBDIV,School of Medicine,S2063,20,57,3
49217,MED:INT MED - ENDOCRINOLOGY,Internal Medicine: Endocrinology,Professional Schools,Medicine,MED:INTERNAL MED SUBDIV,School of Medicine,S2063,18,117,38
49240,MED:INT MED RHEUMATOLOGY,Internal Medicine: Rheumatology,Professional Schools,Medicine,MED:INTERNAL MED SUBDIV,School of Medicine,S2063,15,1687,204
49235,MED:INT MED NEPHROLOGY (SAC),Internal Medicine: Nephrology (Sacramento),Professional Schools,Medicine,MED:INTERNAL MED SUBDIV,School of Medicine,S2063,15,195,39
49228,MED:INT MED HMCTBMT,Internal Medicine: Hematology and Bone Marrow Transplant,Professional Schools,Medicine,MED:INTERNAL MED SUBDIV,School of Medicine,S2063,14,1372,223
49063,MED:RADIATION-ONCOLOGY,Radiation Oncology,Professional Schools,Medicine,MED:RADIATION-ONCOLOGY SUBDIV,School of Medicine,S2057,11,854,19
49205,MED:INT MED CARDIOLOGY (DAVIS),Internal Medicine: Cardiology (Davis),Professional Schools,Medicine,MED:INTERNAL MED SUBDIV,School of Medicine,S2063,9,228,42
49224,MED:INT MED GERIATRICS AND PC,Internal Medicine: Geriatrics and Palliative Care,Professional Schools,Medicine,MED:INTERNAL MED SUBDIV,School of Medicine,S2063,7,115,9
49215,MED INT MED-KIDNEY TRANSPLANT,Internal Medicine: Kidney Transplant,Professional Schools,Medicine,MED:INTERNAL MED SUBDIV,School of Medicine,S2063,5,44,20
49239,MED:INT MED ALLERGY,Internal Medicine: Allergy,Professional Schools,Medicine,MED:INTERNAL MED SUBDIV,School of Medicine,S2063,2,1,0
49014,MED:INTERNAL MEDICINE,Internal Medicine,Professional Schools,Medicine,MED:INTERNAL MED SUBDIV,School of Medicine,S2063,1,380,71
49203,MED:INT MED PULMONARY (DAVIS),Internal Medicine: Pulmonary (Davis),Professional Schools,Medicine,MED:INTERNAL MED SUBDIV,School of Medicine,S2063,1,245,9
49001,MED:ADM:STUDENT AFFAIRS,Student Affairs (School of Medicine),Professional Schools,Medicine,,School of Medicine,S2061,1,35,1
49236,MED:INT MED NEPHROLOGY (DAVIS),Internal Medicine: Nephrology (Davis),Professional Schools,Medicine,MED:INTERNAL MED SUBDIV,School of Medicine,S2063,1,0,0
923010,UCD HEALTH ADMINISTRATION,UC Davis Health Administration,Professional Schools,Medicine,UCD HEALTH ADMIN SUBDIV,,S1013,1,0,0
929787,ENT - SPEECH,ENT – Speech,Professional Schools,Medicine,AMBULATORY SURGICAL HBC,,H3020,1,0,0
49400,SCHOOL OF NURSING,School of Nursing,Professional Schools,Nursing,SCHOOL OF NURSING SUBDIV, ,S2036,88,1101,121
929649,CENTER FOR NURSING SCIENCE,Center for Nursing Science,Professional Schools,Nursing,PCS PROGRAMS,,H1558,1,45,1
72035,VM: SURG/RAD SCIENCE,Surgery and Radiological Science,Professional Schools,Veterinary Medicine,VETERINARY MEDICINE SUBDIV,Weill School of Veterinary Medicine,S2037,69,4235,263
72030,VM: MEDICINE & EPIDEMIOLOGY,Medicine and Epidemiology,Professional Schools,Veterinary Medicine,VETERINARY MEDICINE SUBDIV,Weill School of Veterinary Medicine,S2037,55,3813,348
72057,"VM: PATHOLOGY, MICRO, & IMMUN","Pathology, Microbiology and Immunology",Professional Schools,Veterinary Medicine,VETERINARY MEDICINE SUBDIV,Weill School of Veterinary Medicine,S2037,45,2489,238
72200,CA ANIMAL HLTH&FOOD SAFETY LAB,California Animal Health and Food Safety Lab,Professional Schools,Veterinary Medicine,VETERINARY MEDICINE SUBDIV,Weill School of Veterinary Medicine,S2037,22,1232,74
72037,VM: ANAT PHYSIO & CELL BIOLOGY,"Anatomy, Physiology and Cell Biology",Professional Schools,Veterinary Medicine,VETERINARY MEDICINE SUBDIV,Weill School of Veterinary Medicine,S2037,19,1461,246
72000,VM: DEANS OFFICE,Veterinary Medicine Dean's Office,Professional Schools,Veterinary Medicine,VETERINARY MEDICINE SUBDIV,Weill School of Veterinary Medicine,S2037,15,1651,153
72105,VET MED TEACHING HOSPITAL,Veterinary Medicine Teaching Hospital,Professional Schools,Veterinary Medicine,VETERINARY MEDICINE SUBDIV,Weill School of Veterinary Medicine,S2037,8,579,10
72120,VETERINARY GENETICS LAB,Veterinary Genetics Laboratory,Professional Schools,Veterinary Medicine,VETERINARY MEDICINE SUBDIV,Weill School of Veterinary Medicine,S2037,6,269,75
72300,VM: CTR COMPANION ANIMAL HLTH,Center for Companion Animal Health,Professional Schools,Veterinary Medicine,VETERINARY MEDICINE SUBDIV,Weill School of Veterinary Medicine,S2037,3,446,73
72001,VM: DEANS OFFICE - CS,Dean's Office – Clinical Services,Professional Schools,Veterinary Medicine,VETERINARY MEDICINE SUBDIV, ,S2037,2,42,4
72043,VM: CTR FOR EQUINE HEALTH,Center for Equine Health,Professional Schools,Veterinary Medicine,VETERINARY MEDICINE SUBDIV,Weill School of Veterinary Medicine,S2037,1,179,14
72016,VM:INSTIT FOR PANDEMIC INSGHTS,Institute for Pandemic Insights,Professional Schools,Veterinary Medicine,VETERINARY MEDICINE SUBDIV,Weill School of Veterinary Medicine,S2037,1,137,21
72073,VM: ONE HEALTH INSTITUTE,One Health Institute,Professional Schools,Veterinary Medicine,VETERINARY MEDICINE SUBDIV,Weill School of Veterinary Medicine,S2037,1,90,16
72072,VM: WILDLIFE HEALTH CENTER,Wildlife Health Center,Professional Schools,Veterinary Medicine,VETERINARY MEDICINE SUBDIV,Weill School of Veterinary Medicine,S2037,1,69,35
72080,VM: TEACHING RES CTR - TULARE,Teaching and Research Center – Tulare,Professional Schools,Veterinary Medicine,VETERINARY MEDICINE SUBDIV,Weill School of Veterinary Medicine,S2037,1,61,12
72067,VM: POPULATION HLTH & REPROD,Population Health and Reproduction,Professional Schools,Veterinary Medicine,VETERINARY MEDICINE SUBDIV,Weill School of Veterinary Medicine,S2037,37,3396,346
72047,VM: MOLECULAR BIO SCIENCES,Molecular Biosciences,Professional Schools,Veterinary Medicine,VETERINARY MEDICINE SUBDIV,Weill School of Veterinary Medicine,    ,23,2233,234
303100,CA INST FOR WATER RESOURCES,CA Institute for Water Resources,"Programs, Services and Centers",UC Agriculture and Natural Resources (ANR),ASSOCIATE VICE PRESIDENT,UC Agriculture and Natural Resources (ANR),300000,9,72,17
305200,ANR CE SPECIALISTS UCM,ANR Cooperative Extension – UC Merced,"Programs, Services and Centers",UC Agriculture and Natural Resources (ANR),ASSOCIATE VICE PRESIDENT,Interdisciplinary Research Units,300000,9,1,19
303300,NUTRITION POLICY INSTITUTE,Nutrition Policy Institute,"Programs, Services and Centers",UC Agriculture and Natural Resources (ANR),ASSOCIATE VICE PRESIDENT,UC Agriculture and Natural Resources (ANR),300000,8,12,23
303401,SUSTAINABLE AG RESEARCH & EDU,Sustainable Agriculture Research and Education,"Programs, Services and Centers",UC Agriculture and Natural Resources (ANR),ASSOCIATE VICE PRESIDENT,UC Agriculture and Natural Resources (ANR),300000,8,4,36
966095,UCCE FRESNO MADERA MCP,UC Cooperative Extension – Fresno and Madera,"Programs, Services and Centers",UC Agriculture and Natural Resources (ANR),ASSOCIATE VICE PRESIDENT,UC Agriculture and Natural Resources (ANR),300000,5,0,1
306404,UCR CE ENTOMOLOGY,UC Riverside CE Entomology,"Programs, Services and Centers",UC Agriculture and Natural Resources (ANR),ASSOCIATE VICE PRESIDENT,UC Agriculture and Natural Resources (ANR),300000,4,361,1
306402,UCR CE BOTANY & PLANT SCIENCES,UC Riverside CE Botany and Plant Sciences,"Programs, Services and Centers",UC Agriculture and Natural Resources (ANR),ASSOCIATE VICE PRESIDENT,UC Agriculture and Natural Resources (ANR),300000,4,43,10
303404,STATEWIDE IPM PROGRAM,Statewide IPM Program,"Programs, Services and Centers",UC Agriculture and Natural Resources (ANR),ASSOCIATE VICE PRESIDENT,UC Agriculture and Natural Resources (ANR),300000,4,0,29
303412,CALIFORNIA STATE 4-H OFFICE,California State 4-H Office,"Programs, Services and Centers",UC Agriculture and Natural Resources (ANR),ASSOCIATE VICE PRESIDENT,UC Agriculture and Natural Resources (ANR),300000,4,0,2
303500,ORGANIC AG INSTITUTE,Organic Agriculture Institute,"Programs, Services and Centers",UC Agriculture and Natural Resources (ANR),ASSOCIATE VICE PRESIDENT,UC Agriculture and Natural Resources (ANR),300000,4,0,4
303000,VICE PROVOST SI & SW PROGS,"Vice Provost, Statewide and Special Programs","Programs, Services and Centers",UC Agriculture and Natural Resources (ANR),ASSOCIATE VICE PRESIDENT,UC Agriculture and Natural Resources (ANR),300000,3,42,39
306408,UCR PLANT PATH & MICROBIOLOGY,UC Riverside Plant Pathology and Microbiology,"Programs, Services and Centers",UC Agriculture and Natural Resources (ANR),ASSOCIATE VICE PRESIDENT,UC Agriculture and Natural Resources (ANR),300000,3,0,0
305100,KEARNEY AGRICULTURAL CNTR,Kearney Agricultural Research Center,"Programs, Services and Centers",UC Agriculture and Natural Resources (ANR),ASSOCIATE VICE PRESIDENT,UC Agriculture and Natural Resources (ANR),300000,2,30,57
966094,UCCE CENTRAL SIERRA NEVADA MCP,UC Cooperative Extension – Central Sierra Nevada,"Programs, Services and Centers",UC Agriculture and Natural Resources (ANR),ASSOCIATE VICE PRESIDENT,UC Agriculture and Natural Resources (ANR),300000,2,11,0
305500,ANR CE SPECIALISTS UCSC,ANR Cooperative Extension – UC Santa Cruz,"Programs, Services and Centers",UC Agriculture and Natural Resources (ANR),ASSOCIATE VICE PRESIDENT,UC Agriculture and Natural Resources (ANR),300000,2,1,0
303403,INFORMATICS & GIS SW PROGRAM,Informatics and GIS Software Program,"Programs, Services and Centers",UC Agriculture and Natural Resources (ANR),ASSOCIATE VICE PRESIDENT,UC Agriculture and Natural Resources (ANR),300000,2,0,4
303407,UC Environmental Stewards,UC Environmental Stewards,"Programs, Services and Centers",UC Agriculture and Natural Resources (ANR),ASSOCIATE VICE PRESIDENT,UC Agriculture and Natural Resources (ANR),300000,2,0,16
303409,SW MSTR GARDENER PROGRAM,Statewide Master Gardener Program,"Programs, Services and Centers",UC Agriculture and Natural Resources (ANR),ASSOCIATE VICE PRESIDENT,UC Agriculture and Natural Resources (ANR),300000,2,0,3
303600,ANR FIRE NETWORK,ANR Fire Network,"Programs, Services and Centers",UC Agriculture and Natural Resources (ANR),ASSOCIATE VICE PRESIDENT,UC Agriculture and Natural Resources (ANR),300000,2,0,9
306406,UCR CE NEMATOLOGY,UC Riverside CE Nematology,"Programs, Services and Centers",UC Agriculture and Natural Resources (ANR),ASSOCIATE VICE PRESIDENT,UC Agriculture and Natural Resources (ANR),300000,2,0,1
966050,UCCE STANISLAUS COUNTY,UC Cooperative Extension – Stanislaus County,"Programs, Services and Centers",UC Agriculture and Natural Resources (ANR),ASSOCIATE VICE PRESIDENT,UC Agriculture and Natural Resources (ANR),300000,2,0,0
966051,UCCE SUTTER/YUBA COUNTIES,UC Cooperative Extension – Sutter and Yuba Counties,"Programs, Services and Centers",UC Agriculture and Natural Resources (ANR),ASSOCIATE VICE PRESIDENT,UC Agriculture and Natural Resources (ANR),300000,2,0,0
305700,ANR CE SPECIALISTS UCLA,ANR Cooperative Extension – UCLA,"Programs, Services and Centers",UC Agriculture and Natural Resources (ANR),ASSOCIATE VICE PRESIDENT,UC Agriculture and Natural Resources (ANR),300000,1,9,0
966040,UCCE SAN LUIS OBISPO COUNTY,UC Cooperative Extension – San Luis Obispo County,"Programs, Services and Centers",UC Agriculture and Natural Resources (ANR),ASSOCIATE VICE PRESIDENT,UC Agriculture and Natural Resources (ANR),300000,1,6,17
303402,UC ANR POLICY INSTITUTE,UC ANR Policy Institute,"Programs, Services and Centers",UC Agriculture and Natural Resources (ANR),ASSOCIATE VICE PRESIDENT,UC Agriculture and Natural Resources (ANR),300000,1,0,24
303411,COMMUNITY NUTRITION AND HEALTH,Community Nutrition and Health,"Programs, Services and Centers",UC Agriculture and Natural Resources (ANR),ASSOCIATE VICE PRESIDENT,UC Agriculture and Natural Resources (ANR),300000,1,0,8
304000,STATEWIDE PROGRAM OPERATIONS,Statewide Program Operations,"Programs, Services and Centers",UC Agriculture and Natural Resources (ANR),ASSOCIATE VICE PRESIDENT,UC Agriculture and Natural Resources (ANR),300000,1,0,0
305001,VICE PROVOST ACAD PERSNL & DEV,"Vice Provost, Academic Personnel and Development","Programs, Services and Centers",UC Agriculture and Natural Resources (ANR),ASSOCIATE VICE PRESIDENT,UC Agriculture and Natural Resources (ANR),300000,1,0,0
305400,ANR CE SPECIALISTS UCI,ANR Cooperative Extension – UC Irvine,"Programs, Services and Centers",UC Agriculture and Natural Resources (ANR),ASSOCIATE VICE PRESIDENT,UC Agriculture and Natural Resources (ANR),300000,1,0,0
305600,ANR CE SPECIALISTS UCSB,ANR Cooperative Extension – UC Santa Barbara,"Programs, Services and Centers",UC Agriculture and Natural Resources (ANR),ASSOCIATE VICE PRESIDENT,UC Agriculture and Natural Resources (ANR),300000,1,0,5
308000,VICE PROVOST UCCE,"Vice Provost, UC Cooperative Extension","Programs, Services and Centers",UC Agriculture and Natural Resources (ANR),ASSOCIATE VICE PRESIDENT,UC Agriculture and Natural Resources (ANR),300000,1,0,0
965000,RESEARCH & EXT CENTERS,Research and Extension Centers,"Programs, Services and Centers",UC Agriculture and Natural Resources (ANR),ASSOCIATE VICE PRESIDENT,UC Agriculture and Natural Resources (ANR),300000,1,0,39
965050,HANSEN REC,Hansen Research and Extension Center,"Programs, Services and Centers",UC Agriculture and Natural Resources (ANR),ASSOCIATE VICE PRESIDENT,UC Agriculture and Natural Resources (ANR),300000,1,0,5
965051,DESERT REC,Desert Research and Extension Center,"Programs, Services and Centers",UC Agriculture and Natural Resources (ANR),ASSOCIATE VICE PRESIDENT,UC Agriculture and Natural Resources (ANR),300000,1,0,31
965058,KEARNEY REC,Kearney Research and Extension Center,"Programs, Services and Centers",UC Agriculture and Natural Resources (ANR),ASSOCIATE VICE PRESIDENT,UC Agriculture and Natural Resources (ANR),300000,1,0,0
965059,LINDCOVE REC,Lindcove Research and Extension Center,"Programs, Services and Centers",UC Agriculture and Natural Resources (ANR),ASSOCIATE VICE PRESIDENT,UC Agriculture and Natural Resources (ANR),300000,1,0,10
966016,UCCE KINGS COUNTY,UC Cooperative Extension – Kings County,"Programs, Services and Centers",UC Agriculture and Natural Resources (ANR),ASSOCIATE VICE PRESIDENT,UC Agriculture and Natural Resources (ANR),300000,1,0,0
966021,UCCE MARIN COUNTY,UC Cooperative Extension – Marin County,"Programs, Services and Centers",UC Agriculture and Natural Resources (ANR),ASSOCIATE VICE PRESIDENT,UC Agriculture and Natural Resources (ANR),300000,1,0,0
966030,UCCE ORANGE COUNTY,UC Cooperative Extension – Orange County,"Programs, Services and Centers",UC Agriculture and Natural Resources (ANR),ASSOCIATE VICE PRESIDENT,UC Agriculture and Natural Resources (ANR),300000,1,0,39
966031,UCCE NEVADA_PLACER COUNTY,UC Cooperative Extension – Nevada and Placer County,"Programs, Services and Centers",UC Agriculture and Natural Resources (ANR),ASSOCIATE VICE PRESIDENT,UC Agriculture and Natural Resources (ANR),300000,1,0,0
966033,UCCE RIVERSIDE COUNTY,UC Cooperative Extension – Riverside County,"Programs, Services and Centers",UC Agriculture and Natural Resources (ANR),ASSOCIATE VICE PRESIDENT,UC Agriculture and Natural Resources (ANR),300000,1,0,0
966037,UCCE SAN DIEGO COUNTY,UC Cooperative Extension – San Diego County,"Programs, Services and Centers",UC Agriculture and Natural Resources (ANR),ASSOCIATE VICE PRESIDENT,UC Agriculture and Natural Resources (ANR),300000,1,0,0
966054,UCCE TULARE COUNTY,UC Cooperative Extension – Tulare County,"Programs, Services and Centers",UC Agriculture and Natural Resources (ANR),ASSOCIATE VICE PRESIDENT,UC Agriculture and Natural Resources (ANR),300000,1,0,0
966093,UCCE CAPITOL CORRIDOR MCP,UC Cooperative Extension – Capitol Corridor,"Programs, Services and Centers",UC Agriculture and Natural Resources (ANR),ASSOCIATE VICE PRESIDENT,UC Agriculture and Natural Resources (ANR),300000,1,0,0
306211,ANR PLANT SCIENCES,ANR Plant Sciences,"Programs, Services and Centers",UC Agriculture and Natural Resources (ANR),ASSOCIATE VICE PRESIDENT,UC Agriculture and Natural Resources (ANR),300000,9,753,373
306301,ANR VM POPULATION HLTH&REPROD,ANR Vet Medicine: Population Health and Reproduction,"Programs, Services and Centers",UC Agriculture and Natural Resources (ANR),ASSOCIATE VICE PRESIDENT,UC Agriculture and Natural Resources (ANR),300000,9,411,63
306208,ANR LAND AIR & WATER RESOURCES,"ANR Land, Air and Water Resources","Programs, Services and Centers",UC Agriculture and Natural Resources (ANR),ASSOCIATE VICE PRESIDENT,UC Agriculture and Natural Resources (ANR),300000,7,444,170
306202,ANR ANIMAL SCIENCE,ANR Animal Science,"Programs, Services and Centers",UC Agriculture and Natural Resources (ANR),ASSOCIATE VICE PRESIDENT,UC Agriculture and Natural Resources (ANR),300000,5,362,127
306210,ANR PLANT PATHOLOGY,ANR Plant Pathology,"Programs, Services and Centers",UC Agriculture and Natural Resources (ANR),ASSOCIATE VICE PRESIDENT,UC Agriculture and Natural Resources (ANR),300000,4,198,184
306207,ANR HUMAN ECOLOGY,ANR Human Ecology,"Programs, Services and Centers",UC Agriculture and Natural Resources (ANR),ASSOCIATE VICE PRESIDENT,UC Agriculture and Natural Resources (ANR),300000,4,162,25
306203,ANR BIOLOGICAL&AG ENGINEERING,ANR Biological and Agricultural Engineering,"Programs, Services and Centers",UC Agriculture and Natural Resources (ANR),ASSOCIATE VICE PRESIDENT,UC Agriculture and Natural Resources (ANR),300000,3,100,34
306206,ANR FOOD SCIENCE & TECHNOLOGY,ANR Food Science and Technology,"Programs, Services and Centers",UC Agriculture and Natural Resources (ANR),ASSOCIATE VICE PRESIDENT,UC Agriculture and Natural Resources (ANR),300000,2,152,75
306209,ANR NUTRITION,ANR Nutrition,"Programs, Services and Centers",UC Agriculture and Natural Resources (ANR),ASSOCIATE VICE PRESIDENT,UC Agriculture and Natural Resources (ANR),300000,2,86,19
306204,ANR ENTOMOLOGY/NEMATOLOGY,ANR Entomology and Nematology,"Programs, Services and Centers",UC Agriculture and Natural Resources (ANR),ASSOCIATE VICE PRESIDENT,UC Agriculture and Natural Resources (ANR),300000,2,23,90
306201,ANR AG & RESOURCE ECONOMICS,ANR Agricultural and Resource Economics,"Programs, Services and Centers",UC Agriculture and Natural Resources (ANR),ASSOCIATE VICE PRESIDENT,UC Agriculture and Natural Resources (ANR),300000,2,1,8
306212,ANR VITICULTURE & ENOLOGY,ANR Viticulture and Enology,"Programs, Services and Centers",UC Agriculture and Natural Resources (ANR),ASSOCIATE VICE PRESIDENT,UC Agriculture and Natural Resources (ANR),300000,1,70,76
306213,ANR WILDLIFE&FISHERIES BIOLOGY,"ANR Wildlife, Fish and Conservation Biology","Programs, Services and Centers",UC Agriculture and Natural Resources (ANR),ASSOCIATE VICE PRESIDENT,UC Agriculture and Natural Resources (ANR),300000,1,69,36
306214,ANR ENVIRONMENTAL TOXICOLOGY,ANR Environmental Toxicology,"Programs, Services and Centers",UC Agriculture and Natural Resources (ANR),ASSOCIATE VICE PRESIDENT,UC Agriculture and Natural Resources (ANR),300000,1,2,1
306302,ANR VM MOLECULAR BIO SCIENCES,ANR Vet Medicine: Molecular Biosciences,"Programs, Services and Centers",UC Agriculture and Natural Resources (ANR),ASSOCIATE VICE PRESIDENT,UC Agriculture and Natural Resources (ANR),300000,1,2,1
61009,INCLUSIVE EXCELLENCE,Inclusive Excellence,"Programs, Services and Centers",University Offices and Programs,,,S2005,5,227,39
63000,OFFICE OF THE PROVOST,Office of the Provost,"Programs, Services and Centers",University Offices and Programs,OFFICE OF THE PROVOST SUB DIV,,S2031,3,323,32
61003,UNDERGRADUATE EDUCATION,Undergraduate Education,"Programs, Services and Centers",University Offices and Programs,UNDERGRADUATE EDUCATION SUBDIV,,S2032,3,79,10
61800,VICE CHANCELLOR - RESEARCH,Vice Chancellor – Research,"Programs, Services and Centers",University Offices and Programs,RESEARCH SUBDIV,,S2033,3,56,15
68018,ACADEMIC ASST AND TUTOR CTRS,Academic Assistance and Tutoring Centers,"Programs, Services and Centers",University Offices and Programs,STUDENT AFFAIRS SUBDIV,,S2034,3,0,0
61827,BIOTECHNOLOGY PROGRAM,Biotechnology Program,"Programs, Services and Centers",Interdisciplinary Research Units,RESEARCH SUBDIV,Interdisciplinary Research Units,S2033,2,1,4
63010,ACADEMIC AFFAIRS,Academic Affairs,"Programs, Services and Centers",University Offices and Programs,OFFICE OF THE PROVOST SUB DIV,,S2031,1,729,5
61000,OFFICE OF THE CHANCELLOR,Office of the Chancellor,"Programs, Services and Centers",University Offices and Programs,OFFICE OF THE CHANCELLOR SUBD,,S2028,1,230,0
61796,INTERDIS RES & STRATEGIC INIT,Interdisciplinary Research and Strategic Initiatives,"Programs, Services and Centers",Interdisciplinary Research Units,RESEARCH SUBDIV,,S2033,1,201,94
69002,CTR INFO TECH BANATAO INST,Banatao Institute for Information Technology,"Programs, Services and Centers",Interdisciplinary Research Units,RESEARCH SUBDIV,Interdisciplinary Research Units,S2033,1,87,6
61014,CTR HEALTH POLICY AND RESEARCH,Center for Health Policy and Research,"Programs, Services and Centers",Interdisciplinary Research Units,RESEARCH SUBDIV,Interdisciplinary Research Units,S2033,1,68,4
61035,AGGIE SQUARE,Aggie Square,"Programs, Services and Centers",University Offices and Programs,,,S2027,1,24,1
61021,DEVELOPMENT: DEVELOPMENT OFC,Development Office,"Programs, Services and Centers",University Offices and Programs,DEVELOP/ALUMNI RELATIONS SUBDI,,S2004,1,0,0
61030,INNOVATION & ECONOMIC DEV,Innovation and Economic Development,"Programs, Services and Centers",University Offices and Programs,,,S2027,1,0,1
61417,IET-ACADEMIC APPLICATIONS,IET Academic Applications,"Programs, Services and Centers",University Offices and Programs,INFO AND EDUC TECH SUBDIV,,S2021,1,0,0
61425,VP-INFO & EDUCATIONAL TECH,VP Information and Educational Technology,"Programs, Services and Centers",University Offices and Programs,INFO AND EDUC TECH SUBDIV,,S2021,1,0,0
61836,CNTR FOR ENTREPRENEURSHIP C4E,Center for Entrepreneurship,"Programs, Services and Centers",University Offices and Programs,MANAGEMENT SUBDIV,,S2025,1,0,0
63095,CTR EDUCATIONAL EFFECTIVENESS,Center for Educational Effectiveness,"Programs, Services and Centers",University Offices and Programs,UNDERGRADUATE EDUCATION SUBDIV,,S2032,1,0,0
68000,OFFICE VICE CHAN STUDENT AFFAI,"Office of the Vice Chancellor, Student Affairs","Programs, Services and Centers",University Offices and Programs,STUDENT AFFAIRS SUBDIV,,S2034,1,0,4
68019,CNTRS FOR OPP SCHOLAR SUCCESS,Centers for Opportunity and Scholarly Success,"Programs, Services and Centers",University Offices and Programs,STUDENT AFFAIRS SUBDIV,,S2034,1,0,0
68022,TRANSFER AND VETERANS SERVICES,Transfer and Veterans Services,"Programs, Services and Centers",University Offices and Programs,STUDENT AFFAIRS SUBDIV,,S2034,1,0,0
68090,STUDENT HOUSING,Student Housing,"Programs, Services and Centers",University Offices and Programs,STUDENT AFFAIRS SUBDIV,,S2034,1,0,0
63055,THE WRITING CENTER,The Writing Center,"Programs, Services and Centers",University Offices and Programs,UNDERGRADUATE EDUCATION SUBDIV,,S2032,78,9,5
60500,UCDLIBRARY,UC Davis Library,"Programs, Services and Centers",University Offices and Programs,LIBRARY SUBDIV,,S2024,41,380,16
63005,GLOBAL AFFAIRS ACAD PROGRAMS,Global Affairs Academic Programs,"Programs, Services and Centers",University Offices and Programs,GLOBAL AFFAIRS SUBDIV,,S2030,4,189,44
63002,GLOBAL LEARNING HUB,Global Learning Hub,"Programs, Services and Centers",University Offices and Programs,GLOBAL AFFAIRS SUBDIV,,S2030,3,19,22
63017,IMAGINING AMERICA,Imagining America,"Programs, Services and Centers",University Offices and Programs,OFFICE OF THE PROVOST SUB DIV,,S2031,1,1,7
63001,GLOBAL AFFAIRS VPD OFFICE,Global Affairs VP Development Office,"Programs, Services and Centers",University Offices and Programs,GLOBAL AFFAIRS SUBDIV,,S2030,1,0,0